{"pkg_base_w": [39.184500000556, 46.148600001470186], "dram_base_w": [6.208700000000533, 8.641399999942223], "pkg_base_percents": [0.0, 0.0], "dram_base_percents": [20.17617957102724, 8.524398737876389]}