{"pkg_base_w": [46.887100001913495, 40.460099998745136], "dram_base_w": [4.599199999938719, 4.645100000197999], "pkg_base_percents": [1.0416666666666667, 1.0416666666666667], "dram_base_percents": [3.6521042092589835, 1.3258891140545672]}