{"pkg_base_w": [61.28519999983837, 41.29630000097677], "dram_base_w": [5.679300000338117, 6.101599999965401], "pkg_base_percents": [0.0, 0.0], "dram_base_percents": [12.311461453570866, 29.63014793338512]}