file_name,file_size,channels,sample_rate,duration,bit_rate,flac,slo
48K-5142-36377-0019.flac,47173,1.0,16000.0,2.415,156266.0,1,1828.2
2.3M-civil-rights-and-conflict-3.mp3,2404322,2.0,44100.0,150.230204,128022.0,0,7126.9
8.3M-civil-rights-and-conflict-2.mp3,8609942,2.0,44100.0,538.070204,128006.0,0,21016.6
224K-2961-961-0012.flac,229010,1.0,16000.0,13.015,140766.0,1,2201.1
1.4M-civil-rights-and-conflict-4.mp3,1414831,2.0,44100.0,88.372245,128038.0,0,4970.9
12M-civil-rights-and-conflict-1.mp3,12553456,2.0,44100.0,784.53551,128004.0,0,29371.1
620K-4507-16021-0047.flac,633499,1.0,16000.0,34.955,144986.0,1,2787.4
5.4M-presidential-address.mp3,5648321,2.0,44100.0,352.966531,128009.0,0,14064.6
