file_name,file_size,no_col,no_row,duration,SLO,batch_size
10M-reviews.csv,10413232,10,20000,15365.0,250581.59999999998,16.308597461763746
50M-reviews.csv,50594786,10,94742,105881.0,250581.59999999998,2.366634240326404
20M-reviews.csv,19765538,10,37896,47935.0,250581.59999999998,5.227528945446959
100M-reviews.csv,101824974,10,189484,208818.0,250581.59999999998,1.2
