matrix_size,duration
5000,24457.0
500,2522.0
1000,7837.5
10000,36696.5
2000,15221.0
3500,20104.5
7500,31019.5
250,6334.0794145873315
750,8019.114443378119
1500,10546.666986564298
2500,13916.737044145872
3000,15601.77207293666
4000,18971.842130518235
4500,20656.87715930902
5500,24026.947216890592
6000,25711.982245681378
6500,27397.017274472164
7000,29082.05230326295
8000,32452.12236084453
8500,34137.157389635315
9000,35822.1924184261
9500,37507.22744721689
